"AllActiveCampaigns",,"00537000000EHhSAAW","2015-07-08 11:43:18.0","true","2015-07-08 11:43:18.0","All Active Campaigns","00537000000EHhSAAW",,"2015-07-08 11:43:18.0","Campaign","00B37000001OOBbEAO",null
"MyActiveCampaigns",,"00537000000EHhSAAW","2015-07-08 11:43:18.0","true","2015-07-08 11:43:18.0","My Active Campaigns","00537000000EHhSAAW",,"2015-07-08 11:43:18.0","Campaign","00B37000001OOBlEAO",null
"All","2015-07-08 12:08:09.0","00537000000EHhSAAW","2015-07-08 11:44:55.0","true","2015-07-08 11:44:55.0","All","00537000000EHhSAAW","2015-07-08 12:08:09.0","2015-07-08 11:44:55.0","Merchandise__c","00B37000000MRISEA4",null
"All",,"00537000000EHhSAAW","2015-07-08 11:53:24.0","true","2015-07-08 11:53:24.0","All","00537000000EHhSAAW",,"2015-07-08 11:53:24.0","Invoice__c","00B37000000MRIwEAO",null
"AllAccountSharing",,"00537000000EHhSAAW","2015-07-08 11:43:18.0","false","2015-07-08 11:43:18.0","All","00537000000EHhSAAW",,"2015-07-08 11:43:18.0",null,"00B37000001OOCOEA4",null
"AllOppSharing",,"00537000000EHhSAAW","2015-07-08 11:43:18.0","false","2015-07-08 11:43:18.0","All","00537000000EHhSAAW",,"2015-07-08 11:43:18.0",null,"00B37000001OOD6EAO",null
"AllAccShareDetails",,"00537000000EHhSAAW","2015-07-08 11:43:18.0","false","2015-07-08 11:43:18.0","All","00537000000EHhSAAW",,"2015-07-08 11:43:18.0",null,"00B37000001OOD4EAO",null
"AllAssets",,"00537000000EHhSAAW","2015-07-08 11:43:18.0","true","2015-07-08 11:43:18.0","All Assets","00537000000EHhSAAW",,"2015-07-08 11:43:18.0","Asset","00B37000001OOCsEAO",null
"MyContacts",,"00537000000EHhSAAW","2015-07-08 11:43:18.0","false","2015-07-08 11:43:18.0","My Contacts","00537000000EHhSAAW",,"2015-07-08 11:43:18.0",null,"00B37000001OOCkEAO",null
"AllUsers",,"00537000000EHhSAAW","2015-07-08 11:43:18.0","false","2015-07-08 11:43:18.0","All Users","00537000000EHhSAAW",,"2015-07-08 11:43:18.0",null,"00B37000001OOCuEAO",null
"AllCalShareDetails",,"00537000000EHhSAAW","2015-07-08 11:43:18.0","false","2015-07-08 11:43:18.0","All","00537000000EHhSAAW",,"2015-07-08 11:43:18.0",null,"00B37000001OOD5EAO",null
"AllCampaignSharing",,"00537000000EHhSAAW","2015-07-08 11:43:18.0","false","2015-07-08 11:43:18.0","All","00537000000EHhSAAW",,"2015-07-08 11:43:18.0",null,"00B37000001OOCNEA4",null
"AllCampaignShareDetails",,"00537000000EHhSAAW","2015-07-08 11:43:18.0","false","2015-07-08 11:43:18.0","All","00537000000EHhSAAW",,"2015-07-08 11:43:18.0",null,"00B37000001OOD1EAO",null
"AllcaseShareDetails",,"00537000000EHhSAAW","2015-07-08 11:43:18.0","false","2015-07-08 11:43:18.0","All","00537000000EHhSAAW",,"2015-07-08 11:43:18.0",null,"00B37000001OOD0EAO",null
"All_ChatterGroups",,"00537000000c5NkAAI","2015-07-08 11:43:18.0","true","2015-07-08 11:43:18.0","Active Groups","00537000000c5NkAAI",,"2015-07-08 11:43:18.0","CollaborationGroup","00B37000001OOBEEA4",null
"My_ChatterGroups",,"00537000000c5NkAAI","2015-07-08 11:43:18.0","true","2015-07-08 11:43:18.0","My Groups","00537000000c5NkAAI",,"2015-07-08 11:43:18.0","CollaborationGroup","00B37000001OOBFEA4",null
"My_ArchivedChatterGroups",,"00537000000c5NkAAI","2015-07-08 11:43:18.0","true","2015-07-08 11:43:18.0","My Archived Groups","00537000000c5NkAAI",,"2015-07-08 11:43:18.0","CollaborationGroup","00B37000001OOBGEA4",null
"My_RecentChatterGroups",,"00537000000c5NkAAI","2015-07-08 11:43:18.0","true","2015-07-08 11:43:18.0","Recently Viewed Groups","00537000000c5NkAAI",,"2015-07-08 11:43:18.0","CollaborationGroup","00B37000001OOBHEA4",null
"AllConShareDetails",,"00537000000EHhSAAW","2015-07-08 11:43:18.0","false","2015-07-08 11:43:18.0","All","00537000000EHhSAAW",,"2015-07-08 11:43:18.0",null,"00B37000001OODEEA4",null
"AllContactSharing",,"00537000000EHhSAAW","2015-07-08 11:43:18.0","false","2015-07-08 11:43:18.0","All","00537000000EHhSAAW",,"2015-07-08 11:43:18.0",null,"00B37000001OOCJEA4",null
"OwnedContentDocuments",,"00537000000EHhSAAW","2015-07-08 11:43:18.0","true","2015-07-08 11:43:18.0","Owned by Me","00537000000EHhSAAW",,"2015-07-08 11:43:18.0","ContentDocument","00B37000001OODGEA4",null
"RecentlyViewedContentDocuments",,"00537000000EHhSAAW","2015-07-08 11:43:18.0","true","2015-07-08 11:43:18.0","Recent","00537000000EHhSAAW",,"2015-07-08 11:43:18.0","ContentDocument","00B37000001OODHEA4",null
"FollowedContentDocuments",,"00537000000EHhSAAW","2015-07-08 11:43:18.0","true","2015-07-08 11:43:18.0","Following","00537000000EHhSAAW",,"2015-07-08 11:43:18.0","ContentDocument","00B37000001OODIEA4",null
"SharedWithMeContentDocuments",,"00537000000EHhSAAW","2015-07-08 11:43:18.0","true","2015-07-08 11:43:18.0","Shared with Me","00537000000EHhSAAW",,"2015-07-08 11:43:18.0","ContentDocument","00B37000001OODJEA4",null
"AllCustShareDetails",,"00537000000EHhSAAW","2015-07-08 11:43:18.0","false","2015-07-08 11:43:18.0","All","00537000000EHhSAAW",,"2015-07-08 11:43:18.0",null,"00B37000001OOD9EAO",null
"All",,"00537000000EHhSAAW","2015-07-08 11:43:18.0","true","2015-07-08 11:43:18.0","All Custom Report Types","00537000000EHhSAAW",,"2015-07-08 11:43:18.0","CustomReportType","00B37000001OOCyEAO",null
"AllCustomSharing",,"00537000000EHhSAAW","2015-07-08 11:43:18.0","false","2015-07-08 11:43:18.0","All","00537000000EHhSAAW",,"2015-07-08 11:43:18.0",null,"00B37000001OOD7EAO",null
"AllConversionRates",,"00537000000EHhSAAW","2015-07-08 11:43:18.0","true","2015-07-08 11:43:18.0","All Conversion Rates","00537000000EHhSAAW",,"2015-07-08 11:43:18.0","DatedConversionRate","00B37000001OOCvEAO",null
"AllApprovalReturnAddresses",,"00537000000EHhSAAW","2015-07-08 11:43:18.0","true","2015-07-08 11:43:18.0","All Approval Return Addresses","00537000000EHhSAAW",,"2015-07-08 11:43:18.0","EmailRoutingAddress","00B37000001OOCFEA4",null
"AllForecastSharing",,"00537000000EHhSAAW","2015-07-08 11:43:18.0","false","2015-07-08 11:43:18.0","All","00537000000EHhSAAW",,"2015-07-08 11:43:18.0",null,"00B37000001OOD2EAO",null
"AllForecastShareDetails",,"00537000000EHhSAAW","2015-07-08 11:43:18.0","false","2015-07-08 11:43:18.0","All","00537000000EHhSAAW",,"2015-07-08 11:43:18.0",null,"00B37000001OODAEA4",null
"AllGroupMembers",,"00537000000EHhSAAW","2015-07-08 11:43:18.0","false","2015-07-08 11:43:18.0","All","00537000000EHhSAAW",,"2015-07-08 11:43:18.0",null,"00B37000001OOCPEA4",null
"Ideas_Last_7_Days",,null,"2015-07-08 11:43:18.0","true","2015-07-08 11:43:18.0","Last 7 Days",null,,"2015-07-08 11:43:18.0","Idea","00B37000001OOBLEA4",null
"AllInheritedRules",,"00537000000EHhSAAW","2015-07-08 11:43:18.0","false","2015-07-08 11:43:18.0","All","00537000000EHhSAAW",,"2015-07-08 11:43:18.0",null,"00B37000001OOCLEA4",null
"Active_Sparks",,"00537000000EHhSAAW","2015-07-08 11:43:18.0","false","2015-07-08 11:43:18.0","Active Flows","00537000000EHhSAAW",,"2015-07-08 11:43:18.0","InteractionLayoutDetail","00B37000001OOBIEA4",null
"Inactive_Sparks",,"00537000000EHhSAAW","2015-07-08 11:43:18.0","false","2015-07-08 11:43:18.0","Inactive Flows","00537000000EHhSAAW",,"2015-07-08 11:43:18.0","InteractionLayoutDetail","00B37000001OOBJEA4",null
"Out_Of_Date_Sparks",,"00537000000EHhSAAW","2015-07-08 11:43:18.0","false","2015-07-08 11:43:18.0","Active Flows Using an Older Version","00537000000EHhSAAW",,"2015-07-08 11:43:18.0","InteractionLayoutDetail","00B37000001OOBKEA4",null
"All_Sparks",,"00537000000EHhSAAW","2015-07-08 11:43:18.0","true","2015-07-08 11:43:18.0","All Flows","00537000000EHhSAAW",,"2015-07-08 11:43:18.0","InteractionLayoutDetail","00B37000001OOC2EAO",null
"AllUserRoles",,"00537000000EHhSAAW","2015-07-08 11:43:18.0","true","2015-07-08 11:43:18.0","All","00537000000EHhSAAW",,"2015-07-08 11:43:18.0","UserRole","00B37000001OODCEA4",null
"MyLeads",,"00537000000EHhSAAW","2015-07-08 11:43:18.0","false","2015-07-08 11:43:18.0","My Leads","00537000000EHhSAAW",,"2015-07-08 11:43:18.0",null,"00B37000001OOCTEA4",null
"AllLeadSharing",,"00537000000EHhSAAW","2015-07-08 11:43:18.0","false","2015-07-08 11:43:18.0","All","00537000000EHhSAAW",,"2015-07-08 11:43:18.0",null,"00B37000001OOD3EAO",null
"AllLeadShareDetails",,"00537000000EHhSAAW","2015-07-08 11:43:18.0","false","2015-07-08 11:43:18.0","All","00537000000EHhSAAW",,"2015-07-08 11:43:18.0",null,"00B37000001OODFEA4",null
"ActiveMassEmails",,"00537000000EHhSAAW","2015-07-08 11:43:18.0","true","2015-07-08 11:43:18.0","Active Mass Emails","00537000000EHhSAAW",,"2015-07-08 11:43:18.0","MassMail","00B37000001OOC1EAO",null
"AllMassEmails",,"00537000000EHhSAAW","2015-07-08 11:43:18.0","true","2015-07-08 11:43:18.0","All Mass Emails","00537000000EHhSAAW",,"2015-07-08 11:43:18.0","MassMail","00B37000001OOCzEAO",null
"AllCaseSharing",,"00537000000EHhSAAW","2015-07-08 11:43:18.0","false","2015-07-08 11:43:18.0","All","00537000000EHhSAAW",,"2015-07-08 11:43:18.0",null,"00B37000001OOCKEA4",null
"AllDraftOrders",,"00537000000EHhSAAW","2015-07-08 11:43:18.0","true","2015-07-08 11:43:18.0","All Draft Orders","00537000000EHhSAAW",,"2015-07-08 11:43:18.0","Order","00B37000001OOBzEAO",null
"AllActivatedOrders",,"00537000000EHhSAAW","2015-07-08 11:43:18.0","true","2015-07-08 11:43:18.0","All Activated Orders","00537000000EHhSAAW",,"2015-07-08 11:43:18.0","Order","00B37000001OOC0EAO",null
"AllOrders",,"00537000000EHhSAAW","2015-07-08 11:43:18.0","true","2015-07-08 11:43:18.0","All Orders","00537000000EHhSAAW",,"2015-07-08 11:43:18.0","Order","00B37000001OOCtEAO",null
"AllOutboundMessages",,"00537000000EHhSAAW","2015-07-08 11:43:18.0","false","2015-07-08 11:43:18.0","All Outbound Messages","00537000000EHhSAAW",,"2015-07-08 11:43:18.0",null,"00B37000001OOCGEA4",null
"AllOppShareDetails",,"00537000000EHhSAAW","2015-07-08 11:43:18.0","false","2015-07-08 11:43:18.0","All","00537000000EHhSAAW",,"2015-07-08 11:43:18.0",null,"00B37000001OODDEA4",null
"Standard",,"00537000000EHhSAAW","2015-07-08 11:43:18.0","false","2015-07-08 11:43:18.0","Standard","00537000000EHhSAAW",,"2015-07-08 11:43:18.0","PricebookEntry","00B37000001OOCwEAO",null
"StandardPriceBook",,"00537000000EHhSAAW","2015-07-08 11:43:18.0","false","2015-07-08 11:43:18.0","Standard Price Book","00537000000EHhSAAW",,"2015-07-08 11:43:18.0","PricebookEntry","00B37000001OOCxEAO",null
"AllPricebookShareDetails",,"00537000000EHhSAAW","2015-07-08 11:43:18.0","false","2015-07-08 11:43:18.0","All","00537000000EHhSAAW",,"2015-07-08 11:43:18.0",null,"00B37000001OODBEA4",null
"AllProducts",,"00537000000EHhSAAW","2015-07-08 11:43:18.0","true","2015-07-08 11:43:18.0","All Products","00537000000EHhSAAW",,"2015-07-08 11:43:18.0","Product2","00B37000001OOClEAO",null
"All_Profiles",,"00537000000EHhSAAW","2015-07-08 12:41:02.0","true","2015-07-08 12:41:02.0","All Profiles","00537000000EHhSAAW",,"2015-07-08 12:41:02.0","Profile","00B37000000MRsbEAG",null
"AllPublicGroups",,"00537000000EHhSAAW","2015-07-08 11:43:18.0","false","2015-07-08 11:43:18.0","All","00537000000EHhSAAW",,"2015-07-08 11:43:18.0",null,"00B37000001OOCMEA4",null
"MyStaleContacts",,"00537000000EHhSAAW","2015-07-08 11:43:18.0","false","2015-07-08 11:43:18.0","My Stale Contacts","00537000000EHhSAAW",,"2015-07-08 11:43:18.0",null,"00B37000001OOBeEAO",null
"AllQueues",,"00537000000EHhSAAW","2015-07-08 11:43:18.0","false","2015-07-08 11:43:18.0","All","00537000000EHhSAAW",,"2015-07-08 11:43:18.0",null,"00B37000001OOBCEA4",null
"MyInApprovalContracts",,"00537000000EHhSAAW","2015-07-08 11:43:18.0","true","2015-07-08 11:43:18.0","My In Approval Contracts","00537000000EHhSAAW",,"2015-07-08 11:43:18.0","Contract","00B37000001OOBsEAO",null
"AllActivatedContracts",,"00537000000EHhSAAW","2015-07-08 11:43:18.0","true","2015-07-08 11:43:18.0","All Activated Contracts","00537000000EHhSAAW",,"2015-07-08 11:43:18.0","Contract","00B37000001OOBtEAO",null
"MyDraftContracts",,"00537000000EHhSAAW","2015-07-08 11:43:18.0","true","2015-07-08 11:43:18.0","My Draft Contracts","00537000000EHhSAAW",,"2015-07-08 11:43:18.0","Contract","00B37000001OOBuEAO",null
"AllDraftContracts",,"00537000000EHhSAAW","2015-07-08 11:43:18.0","true","2015-07-08 11:43:18.0","All Draft Contracts","00537000000EHhSAAW",,"2015-07-08 11:43:18.0","Contract","00B37000001OOBvEAO",null
"AllInApprovalContracts",,"00537000000EHhSAAW","2015-07-08 11:43:18.0","true","2015-07-08 11:43:18.0","All In Approval Contracts","00537000000EHhSAAW",,"2015-07-08 11:43:18.0","Contract","00B37000001OOBwEAO",null
"MyActivatedContracts",,"00537000000EHhSAAW","2015-07-08 11:43:18.0","true","2015-07-08 11:43:18.0","My Activated Contracts","00537000000EHhSAAW",,"2015-07-08 11:43:18.0","Contract","00B37000001OOBxEAO",null
"AllContracts",,"00537000000EHhSAAW","2015-07-08 11:43:18.0","true","2015-07-08 11:43:18.0","All Contracts","00537000000EHhSAAW",,"2015-07-08 11:43:18.0","Contract","00B37000001OOCpEAO",null
"AllSocialPosts",,"00537000000c5NkAAI","2015-07-08 11:43:18.0","true","2015-07-08 11:43:18.0","All social posts","00537000000c5NkAAI",,"2015-07-08 11:43:18.0","SocialPost","00B37000001OOC3EAO",null
"MyCases",,"00537000000EHhSAAW","2015-07-08 11:43:18.0","false","2015-07-08 11:43:18.0","My Cases","00537000000EHhSAAW",,"2015-07-08 11:43:18.0",null,"00B37000001OOCcEAO",null
"AllTerritories",,"00537000000EHhSAAW","2015-07-08 11:43:18.0","true","2015-07-08 11:43:18.0","All","00537000000EHhSAAW",,"2015-07-08 11:43:18.0","Territory","00B37000001OOD8EAO",null
"ActiveUsers",,"00537000000EHhSAAW","2015-07-08 11:43:18.0","false","2015-07-08 11:43:18.0","Active Users","00537000000EHhSAAW",,"2015-07-08 11:43:18.0",null,"00B37000001OOByEAO",null
"AllWorkflowRules",,"00537000000EHhSAAW","2015-07-08 11:43:18.0","true","2015-07-08 11:43:18.0","All Workflow Rules","00537000000EHhSAAW",,"2015-07-08 11:43:18.0","WorkflowRule","00B37000001OOCqEAO",null
"AllWorkflowFieldUpdates",,"00537000000EHhSAAW","2015-07-08 11:43:18.0","true","2015-07-08 11:43:18.0","All Workflow Field Updates","00537000000EHhSAAW",,"2015-07-08 11:43:18.0","ActionFieldUpdate","00B37000001OOCEEA4",null
"All",,"00537000000c5NmAAI","2015-10-10 04:02:55.0","true","2015-10-10 04:02:55.0","All Feedback","00537000000c5NmAAI",,"2015-10-10 04:02:55.0","WorkFeedbackRequest","00B37000002AUz1EAG",null
"NewRequests",,"00537000000c5NmAAI","2015-10-10 04:02:55.0","true","2015-10-10 04:02:55.0","New Feedback Requests","00537000000c5NmAAI",,"2015-10-10 04:02:55.0","WorkFeedbackRequest","00B37000002AUz2EAG",null
"NewReplies",,"00537000000c5NmAAI","2015-10-10 04:02:55.0","true","2015-10-10 04:02:55.0","New Feedback Replies","00537000000c5NmAAI",,"2015-10-10 04:02:55.0","WorkFeedbackRequest","00B37000002AUz3EAG",null
"AboutMe",,"00537000000c5NmAAI","2015-10-10 04:02:55.0","true","2015-10-10 04:02:55.0","Feedback About Me","00537000000c5NmAAI",,"2015-10-10 04:02:55.0","WorkFeedbackRequest","00B37000002AUz4EAG",null
"AboutMyTeam",,"00537000000c5NmAAI","2015-10-10 04:02:55.0","true","2015-10-10 04:02:55.0","Feedback About My Team","00537000000c5NmAAI",,"2015-10-10 04:02:55.0","WorkFeedbackRequest","00B37000002AUz5EAG",null
"AboutOthers",,"00537000000c5NmAAI","2015-10-10 04:02:55.0","true","2015-10-10 04:02:55.0","Feedback About Others","00537000000c5NmAAI",,"2015-10-10 04:02:55.0","WorkFeedbackRequest","00B37000002AUzBEAW",null
"AboutTopics",,"00537000000c5NmAAI","2015-10-10 04:02:55.0","true","2015-10-10 04:02:55.0","Feedback About Topics","00537000000c5NmAAI",,"2015-10-10 04:02:55.0","WorkFeedbackRequest","00B37000002AUzCEAW",null
"DeclinedRequests",,"00537000000c5NmAAI","2015-10-10 04:02:55.0","true","2015-10-10 04:02:55.0","Declined Feedback Requests","00537000000c5NmAAI",,"2015-10-10 04:02:55.0","WorkFeedbackRequest","00B37000002AUzDEAW",null
"All",,"00537000000c5NmAAI","2015-07-08 11:43:18.0","true","2015-07-08 11:43:18.0","All Feedback Templates","00537000000c5NmAAI",,"2015-07-08 11:43:18.0","WorkFeedbackTemplate","00B37000001OOC8EAO",null
"ItemsToApprove",,"00537000000EHhSAAW","2015-07-08 11:43:18.0","true","2015-07-08 11:43:18.0","Items to Approve","00537000000EHhSAAW",,"2015-07-08 11:43:18.0","ProcessInstanceWorkitem","00B37000001OOCDEA4",null
"AllWorkflowTasks",,"00537000000EHhSAAW","2015-07-08 11:43:18.0","true","2015-07-08 11:43:18.0","All Tasks","00537000000EHhSAAW",,"2015-07-08 11:43:18.0","ActionTask","00B37000001OOCoEAO",null
"AllWorkflowAlerts",,"00537000000EHhSAAW","2015-07-08 11:43:18.0","true","2015-07-08 11:43:18.0","All Email Alerts","00537000000EHhSAAW",,"2015-07-08 11:43:18.0","ActionEmail","00B37000001OOCnEAO",null
"AllUsers",,"00537000000EHhSAAW","2015-07-08 11:43:18.0","false","2015-07-08 11:43:18.0","All Users","00537000000EHhSAAW",,"2015-07-08 11:43:18.0",null,"00B37000001OOCrEAO",null
"All",,"00537000000EHhSAAW","2015-07-08 11:43:18.0","false","2015-07-08 11:43:18.0","All","00537000000EHhSAAW",,"2015-07-08 11:43:18.0",null,"00B37000001OOCCEA4",null
"NewThisWeek",,"00537000000EHhSAAW","2015-07-08 11:43:18.0","true","2015-07-08 11:43:18.0","New This Week","00537000000EHhSAAW",,"2015-07-08 11:43:18.0","Account","00B37000001OOBcEAO",null
"NewLastWeek",,"00537000000EHhSAAW","2015-07-08 11:43:18.0","true","2015-07-08 11:43:18.0","New Last Week","00537000000EHhSAAW",,"2015-07-08 11:43:18.0","Account","00B37000001OOBnEAO",null
"PlatinumandGoldSLACustomers",,"00537000000EHhSAAW","2015-07-08 11:43:18.0","true","2015-07-08 11:43:18.0","Platinum and Gold SLA Customers","00537000000EHhSAAW",,"2015-07-08 11:43:18.0","Account","00B37000001OOCBEA4",null
"RecentlyViewedAccounts",,"00537000000EHhSAAW","2015-07-08 11:43:18.0","true","2015-07-08 11:43:18.0","Recently Viewed Accounts","00537000000EHhSAAW",,"2015-07-08 11:43:18.0","Account","00B37000001OOCQEA4",null
"AllAccounts",,"00537000000EHhSAAW","2015-07-08 11:43:18.0","true","2015-07-08 11:43:18.0","All Accounts","00537000000EHhSAAW",,"2015-07-08 11:43:18.0","Account","00B37000001OOCREA4",null
"MyAccounts",,"00537000000EHhSAAW","2015-07-08 11:43:18.0","true","2015-07-08 11:43:18.0","My Accounts","00537000000EHhSAAW",,"2015-07-08 11:43:18.0","Account","00B37000001OOCZEA4",null
"NewLastWeek",,"00537000000EHhSAAW","2015-07-08 11:43:18.0","true","2015-07-08 11:43:18.0","New Last Week","00537000000EHhSAAW",,"2015-07-08 11:43:18.0","Contact","00B37000001OOBVEA4",null
"NewThisWeek",,"00537000000EHhSAAW","2015-07-08 11:43:18.0","true","2015-07-08 11:43:18.0","New This Week","00537000000EHhSAAW",,"2015-07-08 11:43:18.0","Contact","00B37000001OOBfEAO",null
"BirthdaysThisMonth",,"00537000000EHhSAAW","2015-07-08 11:43:18.0","true","2015-07-08 11:43:18.0","Birthdays This Month","00537000000EHhSAAW",,"2015-07-08 11:43:18.0","Contact","00B37000001OOBhEAO",null
"AllContacts",,"00537000000EHhSAAW","2015-07-08 11:43:18.0","true","2015-07-08 11:43:18.0","All Contacts","00537000000EHhSAAW",,"2015-07-08 11:43:18.0","Contact","00B37000001OOCSEA4",null
"RecentlyViewedContacts",,"00537000000EHhSAAW","2015-07-08 11:43:18.0","true","2015-07-08 11:43:18.0","Recently Viewed Contacts","00537000000EHhSAAW",,"2015-07-08 11:43:18.0","Contact","00B37000001OOCVEA4",null
"MyContacts",,"00537000000EHhSAAW","2015-07-08 11:43:18.0","true","2015-07-08 11:43:18.0","My Contacts","00537000000EHhSAAW",,"2015-07-08 11:43:18.0","Contact","00B37000001OOChEAO",null
"AllReviewedSolutions",,"00537000000EHhSAAW","2015-07-08 11:43:18.0","true","2015-07-08 11:43:18.0","All Reviewed Solutions","00537000000EHhSAAW",,"2015-07-08 11:43:18.0","Solution","00B37000001OOBTEA4",null
"AllUnreviewedSolutions",,"00537000000EHhSAAW","2015-07-08 11:43:18.0","true","2015-07-08 11:43:18.0","All Unreviewed Solutions","00537000000EHhSAAW",,"2015-07-08 11:43:18.0","Solution","00B37000001OOBiEAO",null
"MostCommonlyUsed",,"00537000000EHhSAAW","2015-07-08 11:43:18.0","false","2015-07-08 11:43:18.0","Most Commonly Used","00537000000EHhSAAW",,"2015-07-08 11:43:18.0","Solution","00B37000001OOCeEAO",null
"RecentlyViewedSolutions",,"00537000000EHhSAAW","2015-07-08 11:43:18.0","true","2015-07-08 11:43:18.0","Recently Viewed Solutions","00537000000EHhSAAW",,"2015-07-08 11:43:18.0","Solution","00B37000001OOCfEAO",null
"MyUnreadLeads",,"00537000000EHhSAAW","2015-07-08 11:43:18.0","true","2015-07-08 11:43:18.0","My Unread Leads","00537000000EHhSAAW",,"2015-07-08 11:43:18.0","Lead","00B37000001OOBZEA4",null
"AllOpenLeads",,"00537000000EHhSAAW","2015-07-08 11:43:18.0","true","2015-07-08 11:43:18.0","All Open Leads","00537000000EHhSAAW",,"2015-07-08 11:43:18.0","Lead","00B37000001OOBoEAO",null
"TodaysLeads",,"00537000000EHhSAAW","2015-07-08 11:43:18.0","true","2015-07-08 11:43:18.0","Today's Leads","00537000000EHhSAAW",,"2015-07-08 11:43:18.0","Lead","00B37000001OOBqEAO",null
"ViewCustom2",,"00537000000EHhSAAW","2015-07-08 11:43:18.0","true","2015-07-08 11:43:18.0","View - Custom 2","00537000000EHhSAAW",,"2015-07-08 11:43:18.0","Lead","00B37000001OOC9EAO",null
"ViewCustom1",,"00537000000EHhSAAW","2015-07-08 11:43:18.0","true","2015-07-08 11:43:18.0","View - Custom 1","00537000000EHhSAAW",,"2015-07-08 11:43:18.0","Lead","00B37000001OOCAEA4",null
"RecentlyViewedLeads",,"00537000000EHhSAAW","2015-07-08 11:43:18.0","true","2015-07-08 11:43:18.0","Recently Viewed Leads","00537000000EHhSAAW",,"2015-07-08 11:43:18.0","Lead","00B37000001OOCWEA4",null
"ClosingThisMonth",,"00537000000EHhSAAW","2015-07-08 11:43:18.0","true","2015-07-08 11:43:18.0","Closing This Month","00537000000EHhSAAW",,"2015-07-08 11:43:18.0","Opportunity","00B37000001OOBSEA4",null
"NewLastWeek",,"00537000000EHhSAAW","2015-07-08 11:43:18.0","true","2015-07-08 11:43:18.0","New Last Week","00537000000EHhSAAW",,"2015-07-08 11:43:18.0","Opportunity","00B37000001OOBXEA4",null
"ClosingNextMonth",,"00537000000EHhSAAW","2015-07-08 11:43:18.0","true","2015-07-08 11:43:18.0","Closing Next Month","00537000000EHhSAAW",,"2015-07-08 11:43:18.0","Opportunity","00B37000001OOBaEAO",null
"Private",,"00537000000EHhSAAW","2015-07-08 11:43:18.0","true","2015-07-08 11:43:18.0","Private","00537000000EHhSAAW",,"2015-07-08 11:43:18.0","Opportunity","00B37000001OOBgEAO",null
"NewThisWeek",,"00537000000EHhSAAW","2015-07-08 11:43:18.0","true","2015-07-08 11:43:18.0","New This Week","00537000000EHhSAAW",,"2015-07-08 11:43:18.0","Opportunity","00B37000001OOBjEAO",null
"Won",,"00537000000EHhSAAW","2015-07-08 11:43:18.0","true","2015-07-08 11:43:18.0","Won","00537000000EHhSAAW",,"2015-07-08 11:43:18.0","Opportunity","00B37000001OOBrEAO",null
"AllOpportunities",,"00537000000EHhSAAW","2015-07-08 11:43:18.0","true","2015-07-08 11:43:18.0","All Opportunities","00537000000EHhSAAW",,"2015-07-08 11:43:18.0","Opportunity","00B37000001OOCYEA4",null
"RecentlyViewedOpportunities",,"00537000000EHhSAAW","2015-07-08 11:43:18.0","true","2015-07-08 11:43:18.0","Recently Viewed Opportunities","00537000000EHhSAAW",,"2015-07-08 11:43:18.0","Opportunity","00B37000001OOCgEAO",null
"MyOpportunities",,"00537000000EHhSAAW","2015-07-08 11:43:18.0","true","2015-07-08 11:43:18.0","My Opportunities","00537000000EHhSAAW",,"2015-07-08 11:43:18.0","Opportunity","00B37000001OOCjEAO",null
"AllUsers","2015-07-08 12:48:14.0","00537000000EHhSAAW","2015-07-08 11:43:18.0","true","2015-07-08 11:43:18.0","All Users","00537000000EHhSAAW","2015-07-08 12:48:14.0","2015-07-08 11:43:18.0","User","00B37000001OOBDEA4",null
"AdminUsers",,"00537000000EHhSAAW","2015-07-08 11:43:18.0","true","2015-07-08 11:43:18.0","Admin Users","00537000000EHhSAAW",,"2015-07-08 11:43:18.0","User","00B37000001OOBYEA4",null
"ActiveUsers",,"00537000000EHhSAAW","2015-07-08 11:43:18.0","true","2015-07-08 11:43:18.0","Active Users","00537000000EHhSAAW",,"2015-07-08 11:43:18.0","User","00B37000001OOBpEAO",null
"AllClosedCases",,"00537000000EHhSAAW","2015-07-08 11:43:18.0","true","2015-07-08 11:43:18.0","All Closed Cases","00537000000EHhSAAW",,"2015-07-08 11:43:18.0","Case","00B37000001OOBUEA4",null
"AllOpenCases",,"00537000000EHhSAAW","2015-07-08 11:43:18.0","true","2015-07-08 11:43:18.0","All Open Cases","00537000000EHhSAAW",,"2015-07-08 11:43:18.0","Case","00B37000001OOBWEA4",null
"MyOpenCases",,"00537000000EHhSAAW","2015-07-08 11:43:18.0","true","2015-07-08 11:43:18.0","My Open Cases","00537000000EHhSAAW",,"2015-07-08 11:43:18.0","Case","00B37000001OOBdEAO",null
"RecentlyViewedCases",,"00537000000EHhSAAW","2015-07-08 11:43:18.0","true","2015-07-08 11:43:18.0","Recently Viewed Cases","00537000000EHhSAAW",,"2015-07-08 11:43:18.0","Case","00B37000001OOCbEAO",null
"MyCases",,"00537000000EHhSAAW","2015-07-08 11:43:18.0","true","2015-07-08 11:43:18.0","My Cases","00537000000EHhSAAW",,"2015-07-08 11:43:18.0","Case","00B37000001OOCdEAO",null
"AllForecasts",,"00537000000EHhSAAW","2015-07-08 11:43:18.0","false","2015-07-08 11:43:18.0","All Forecasts","00537000000EHhSAAW",,"2015-07-08 11:43:18.0",null,"00B37000001OOCaEAO",null
"MyForecasts",,"00537000000EHhSAAW","2015-07-08 11:43:18.0","false","2015-07-08 11:43:18.0","My Forecasts","00537000000EHhSAAW",,"2015-07-08 11:43:18.0",null,"00B37000001OOCiEAO",null
"AllNotes",,"00537000000EHhSAAW","2015-07-08 11:43:18.0","true","2015-07-08 11:43:18.0","All Notes","00537000000EHhSAAW",,"2015-07-08 11:43:18.0","Note","00B37000001OOCXEA4",null
"UpcomingEvents",,"00537000000EHhSAAW","2015-07-08 11:43:18.0","true","2015-07-08 11:43:18.0","Upcoming Events","00537000000EHhSAAW",,"2015-07-08 11:43:18.0","Activity","00B37000001OOBkEAO",null
"TodaysTasks",,"00537000000EHhSAAW","2015-07-08 11:43:18.0","true","2015-07-08 11:43:18.0","Today's Tasks","00537000000EHhSAAW",,"2015-07-08 11:43:18.0","Activity","00B37000001OOBmEAO",null
"MyActivities",,"00537000000EHhSAAW","2015-07-08 11:43:18.0","true","2015-07-08 11:43:18.0","My Activities","00537000000EHhSAAW",,"2015-07-08 11:43:18.0","Activity","00B37000001OOCUEA4",null
"AllActivities",,"00537000000EHhSAAW","2015-07-08 11:43:18.0","true","2015-07-08 11:43:18.0","All Activities","00537000000EHhSAAW",,"2015-07-08 11:43:18.0","Activity","00B37000001OOCmEAO",null
"View_00537000000EHhSAAW",,"00537000000EHhSAAW","2015-08-06 15:39:44.0","false","2015-08-06 15:39:44.0","View_00537000000EHhSAAW","00537000000EHhSAAW",,"2015-08-06 15:39:44.0",null,"00B37000001xoZbEAI",null
,